ID,Full Name,Time Signed In,Time Signed Out,Has Attended Meeting,
20018897,Eshani Shedge,,,,
20022717,Jesse Ernest,,,,
20024815,Varun Nair,,,,
20017938,Anish Vankayalapati,,,,
20018893,Bhavna Gurunath,,,,
20023286,Daniel Tian,,,,
20017362,Sambhav Gupta,,,,
20026146,Sara Mallory,,,,
20028436,Grisha Kanphade,,,,
20022323,Bruno Valion,,,,
20023659,Isha Balaguru,,,,
20023658,Akshay Balaguru,,,,
20030343,Pranesh Muthukumar,,,,
20017354,Joshua Chacko,,,,
20017734,Abhinav Sharma,,,,
20028811,Alec Meyer,,,,
20023647,Noah Mueller,,,,
20027263,Henry Yu,,,,
20024014,Paul Boissinot,,,,
20027450,Roshan Nair,,,,
20024012,Tejas Kakunje,,,,
20026109,Sashider Rajesh,,,,
20018658,Kip Reiz,,,,
20026297,Manu Muppa,,,,
20016937,Eeshan Khandelwai,,,,
20017509,Abbas Kagel,,,,
20030113,Aryahi Pachpande,,,,
20019225,Owen Irving,,,,
20017695,Dana Clafton,,,,
20019030,Arya Gowda,,,,
20015972,Kevin Tracz,,,,
20027428,Mayee Chen,,,,
20020932,Melissa Corrigan,,,,
20016152,Cordel (Cody) Duncan,,,,
20023410,Ansel Wong,,,,
20017678,Ben Gunder,,,,
20017295,Alyssa Budweg,,,,
20018630,Lokesh Gummadi,,,,
20026075,Jasmine Kim,,,,
20018052,Keya Patel,,,,
20016139,Jack Smith,,,,
20030268,Madeleine Kmieciak,,,,
20025683,Srihari Hebbar,,,,
20013258,Alex Chirillo,,,,
20023951,Nandan Kamath,,,,
20014779,Jen Chalom,,,,
20024701,Aidan Vata,,,,
20019352,David Shen,,,,
20025845,Emily Fokken,,,,
20020300,Siddharth Tirumalakanduri,,,,
20017435,Vannya Guedes,,,,
20027175,Ayush  Garg,,,,
20026982,Kavya Doshi,,,,
20026981,Tanvi Doshi,,,,
20024496,Sohan Madishetty,,,,
20024875,Saket Kulkarni,,,,
20017425,Leah Gallmeier,,,,
20017997,Ramie Sussex,,,,
20020289,Phillip  Bernwanger,,,,
20023343,Shruti Sevugan,,,,
20016465,Anita Kompalli,,,,
20018943,Aryan Shah,,,,
20017410,Andrew Xiong,,,,
20017792,Ayush Ippalaapelli,,,,
20015117,Allison Kelly,,,,
20023329,Pratham Satapathy,,,,
20017408,Haarika Vedhapudi,,,,
20026193,Deepak Laungani,,,,
20016243,Jonathan Jackson,,,,
20021209,Vishal Kumaravel,,,,
20020253,Eliza Ajro,,,,
20024454,Riya Gone,,,,
20026555,Pia Nadkarni,,,,
20021587,Sheel Patel,,,,
20022351,Jared Hoshaw,,,,
20024452,Arnav Mummineni,08:19:49 PM,08:19:54 PM,1,
20018721,Wentai Zhao,,,,
20014901,Tejas Gumudavelly,,,,
20021586,Kushal Patel,,,,
20022347,Zach Hoshaw,,,,
20017377,Rohin Hora,,,,
20019093,Alexander Milojevic,,,,
20017182,Melissa Peters,,,,
20019092,Stephan Milojevic,,,,
20021193,Rahul Dalvi,,,,
