<?xml version="1.0" encoding="UTF-8"?>
<project-private xmlns="http://www.netbeans.org/ns/project-private/1">
    <editor-bookmarks xmlns="http://www.netbeans.org/ns/editor-bookmarks/2" lastBookmarkId="0"/>
    <open-files xmlns="http://www.netbeans.org/ns/projectui-open-files/2">
        <group>
            <file>file://studentfs/CO2022$/MUMMINENIAR/My%20Documents/MachineAuth%202.0/MachineAuth2/src/Interface.java</file>
            <file>file://studentfs/CO2022$/MUMMINENIAR/My%20Documents/MachineAuth%202.0/MachineAuth2/src/Main.java</file>
            <file>file://studentfs/CO2022$/MUMMINENIAR/My%20Documents/MachineAuth%202.0/MachineAuth2/src/GUI.java</file>
        </group>
    </open-files>
</project-private>
